time,win,loss
"2022-07-10 19:11:57.536284",1,0
"2022-07-10 19:16:28.486639",1,0
"2022-07-10 19:18:27.422043",1,0
"
2022-07-10 19:26:22.338128",0,1
"
2022-07-10 19:28:26.970103",0,1
"
2022-07-10 19:31:53.583676",1,0
"
2022-07-10 19:44:28.541789",1,0
2022-07-16 15:31:04.373160,1,"0
"
2022-07-16 15:32:12.543626,1,"0
"
2022-07-16 15:33:48.472212,0,"0
"
2022-07-16 15:34:56.463596,1,"0
"
2022-07-16 15:36:04.916411,1,"0
"
2022-07-16 15:37:13.142017,1,"0
"
2022-07-16 15:58:27.370498,0,"0
"
2022-07-16 15:59:36.398418,0,"0
"
2022-07-16 19:37:48.698557,0,"0
"
2022-07-16 19:41:21.978853,0,"0
"
2022-07-16 20:14:32.859072,0,"0
"
2022-07-16 20:22:04.887697,1,"0
"
2022-07-16 20:28:54.912235,0,"0
"
2022-07-16 20:36:03.647474,1,"0
"
2022-07-16 20:40:30.579022,1,"0
"
2022-07-16 20:55:32.404197,1,"0
"
2022-07-16 20:59:36.845000,0,"0
"
2022-07-16 21:00:44.566514,1,"0
"
2022-07-16 21:04:31.190280,1,"0
"
2022-07-16 21:10:04.613334,1,"0
"
2022-07-16 21:19:30.828472,1,"0
"
2022-07-17 05:15:53.283307,0,"0
"
2022-07-17 05:17:01.846957,1,"0
"
2022-07-17 05:19:40.835979,0,"0
"
2022-07-17 05:26:12.155598,1,"0
"
2022-07-17 05:29:48.336019,1,"0
"
2022-07-17 05:37:12.989487,1,"0
"
2022-07-17 05:39:28.578860,0,"0
"
2022-07-17 05:47:13.377806,1,"0
"
2022-07-17 05:48:25.522230,0,"0
"
2022-07-17 05:50:01.294563,0,"0
"
2022-07-18 10:46:17.093094,1,"0
"
2022-07-18 10:49:40.699929,0,"0
"
2022-07-18 11:09:20.132430,1,"0
"
2022-07-18 11:48:19.120064,1,"0
"
2022-07-18 11:50:20.980552,1,"0
"
2022-07-18 12:48:22.536011,0,"0
"
2022-07-18 12:57:26.309840,0,"0
"
2022-07-18 13:03:25.293157,0,"0
"
2022-07-18 13:13:20.470718,1,"0
"
2022-07-18 13:32:24.352815,1,"0
"
2022-07-18 13:35:50.359426,0,"0
"
2022-07-18 13:38:54.684439,1,"0
"
2022-07-18 13:43:23.882873,1,"0
"
2022-07-18 13:45:52.830091,0,"0
"
2022-07-18 14:11:29.185515,1,"0
"
2022-07-18 14:14:29.822061,0,"0
"
2022-07-18 14:15:37.696005,1,"0
"
2022-07-18 14:17:38.860719,1,"0
"
2022-07-18 14:25:58.578829,0,"0
"
2022-07-18 14:28:27.636943,0,"0
"
2022-07-18 14:30:07.338128,1,"0
"
2022-07-18 14:42:59.970163,0,"0
"
2022-07-18 14:49:38.437411,1,"0
"
2022-07-18 14:54:08.190271,1,"0
"
2022-07-18 15:01:45.141782,1,"0
"
2022-07-18 15:06:37.771200,1,"0
"
2022-07-18 15:11:04.218157,0,"0
"
2022-07-18 16:37:03.072941,0,"0
"
2022-07-18 16:49:15.828261,1,"0
"
2022-07-18 16:51:18.250820,1,"0
"
2022-07-18 17:27:21.921002,1,"0
"
2022-07-18 17:35:47.402030,0,"0
"
2022-07-18 17:36:55.860753,1,"0
"
2022-07-18 17:59:27.182041,0,"0
"
2022-07-18 18:05:29.000840,1,"0
"
2022-07-18 18:37:50.626175,1,"0
"
2022-07-18 18:46:38.809726,1,"0
"
2022-07-18 18:52:19.710045,0,"0
"
2022-07-18 18:58:43.706767,0,"0
"
2022-07-18 19:02:50.203285,0,"0
"
2022-07-18 19:28:50.684704,1,"0
"
2022-07-18 19:31:34.579859,1,"0
"
2022-07-18 19:34:06.219260,1,"0
"
2022-07-18 19:39:25.395771,0,"0
"
2022-07-18 19:42:30.858292,1,"0
"
2022-07-18 19:44:48.648998,1,"0
"
2022-07-18 19:58:47.368151,0,"0
"
2022-07-18 20:03:49.170468,1,"0
"
2022-07-18 20:06:54.583250,1,"0
"
2022-07-18 20:32:57.312477,1,"0
"
2022-07-18 20:35:57.888872,0,"0
"
2022-07-18 20:38:19.629932,0,"0
"
2022-07-18 20:45:25.391321,0,"0
"
2022-07-18 20:54:59.492462,0,"0
"
2022-07-18 20:59:07.983770,1,"0
"
2022-07-19 15:26:32.710531,0,"0
"
2022-07-19 15:28:14.424124,1,"0
"
2022-07-19 15:29:23.596944,1,"0
"
2022-07-19 15:31:49.335087,1,"0
"
2022-07-19 15:32:57.842164,1,"0
"
2022-07-19 15:37:16.716424,0,"0
"
2022-07-19 15:38:24.957526,1,"0
"
2022-07-19 15:40:01.991564,0,"0
"
2022-07-19 15:42:14.463590,1,"0
"
2022-07-19 15:43:50.615471,0,"0
"
2022-07-19 15:44:58.858844,1,"0
"
2022-07-19 15:46:18.537987,1,"0
"
2022-07-19 15:47:48.375120,1,"0
"
2022-07-19 15:49:46.830507,0,"0
"
2022-07-19 15:51:45.142006,0,"0
"
2022-07-19 15:53:21.247980,0,"0
"
2022-07-19 15:54:57.688272,0,"0
"
2022-07-19 15:56:06.127117,1,"0
"
2022-07-19 15:57:46.595048,1,"0
"
2022-07-19 16:00:42.634077,1,"0
"
2022-07-19 16:04:16.874259,0,"0
"
2022-07-19 16:05:46.806538,1,"0
"
2022-07-19 16:06:54.876394,1,"0
"
2022-07-19 16:09:19.246035,1,"0
"
2022-07-19 16:12:51.255435,1,"0
"
2022-07-19 16:13:59.512895,1,"0
"
2022-07-19 16:15:35.619257,0,"0
"
2022-07-19 16:17:11.916143,0,"0
"
2022-07-19 16:18:46.440885,1,"0
"
2022-07-19 16:19:54.768913,1,"0
"
2022-07-19 16:21:48.621135,1,"0
"
2022-07-19 16:24:18.883656,0,"0
"
2022-07-19 16:26:16.724575,0,"0
"
2022-07-19 16:27:53.293275,0,"0
"
2022-07-19 16:29:40.000387,0,"0
"
2022-07-19 16:31:20.443806,1,"0
"
2022-07-19 16:35:35.908474,0,"0
"
2022-07-19 16:39:12.170233,0,"0
"
2022-07-19 16:41:11.036224,0,"0
"
2022-07-19 16:42:19.211150,1,"0
"
2022-07-19 16:43:49.945573,1,"0
"
2022-07-19 16:47:14.063430,0,"0
"
2022-07-19 16:48:44.214940,1,"0
"
2022-07-19 16:50:20.367768,0,"0
"
2022-07-19 16:52:22.007348,1,"0
"
2022-07-19 17:16:49.061362,1,"0
"
2022-07-19 17:18:16.991396,0,"0
"
2022-07-19 17:22:10.981381,0,"0
"
2022-07-19 17:23:18.909908,1,"0
"
2022-07-19 17:25:16.038231,0,"0
"
2022-07-19 17:27:20.705586,1,"0
"
2022-07-19 17:29:21.645801,1,"0
"
2022-07-19 17:30:57.667027,0,"0
"
2022-07-19 17:32:05.897668,1,"0
"
2022-07-19 17:34:24.386038,0,"0
"
2022-07-19 17:37:46.272109,0,"0
"
2022-07-19 17:39:22.247761,0,"0
"
2022-07-19 17:40:30.190662,1,"0
"
2022-07-19 17:42:06.161279,0,"0
"
2022-07-19 17:44:56.471189,0,"0
"
2022-07-19 17:46:04.403899,1,"0
"
2022-07-19 17:47:12.636056,1,"0
"
2022-07-19 17:48:48.517648,0,"0
"
2022-07-19 17:50:56.185444,0,"0
"
2022-07-19 17:54:18.183352,0,"0
"
2022-07-19 17:55:26.084435,1,"0
"
2022-07-19 17:56:55.212888,1,"0
"
2022-07-19 17:58:56.668346,1,"0
"
2022-07-19 18:00:25.819490,1,"0
"
2022-07-19 18:04:55.779804,1,"0
"
2022-07-19 18:06:24.895583,1,"0
"
2022-07-19 18:08:00.802234,0,"0
"
2022-07-19 18:10:19.050916,0,"0
"
2022-07-20 08:34:27.279013,0,"0
"
2022-07-20 08:36:03.191033,0,"0
"
2022-07-20 08:53:10.454325,1,"0
"
2022-07-20 08:54:50.693783,2,"0
"
2022-07-20 08:56:22.335603,1,"0
"
2022-07-20 08:57:59.510064,1,"0
"
2022-07-20 08:59:50.673262,2,"0
"
2022-07-20 09:00:59.518590,2,"0
"
2022-07-20 09:03:06.268669,1,"0
"
2022-07-20 09:04:14.198374,1,"0
"
2022-07-20 09:06:14.898109,1,"0
"
2022-07-20 09:07:51.689986,0,"1
"
2022-07-20 09:09:28.511730,1,"0
"
2022-07-20 09:11:18.799163,1,"0
"
2022-07-20 09:12:55.736684,0,"1
"
2022-07-20 09:14:03.739282,1,"0
"
2022-07-20 09:15:22.139361,1,"0
"
2022-07-20 09:18:22.804098,0,"1
"
2022-07-20 09:19:52.333902,1,"0
"
2022-07-20 09:21:21.766554,1,"0
"
2022-07-20 09:24:23.205203,0,"1
"
2022-07-20 09:25:31.375702,1,"0
"
2022-07-20 09:27:21.562105,1,"0
"
2022-07-20 09:28:29.477957,1,"0
"
2022-07-20 09:30:48.706233,1,"0
"
2022-07-20 09:31:56.577552,1,"0
"
2022-07-20 09:33:04.488365,1,"0
"
2022-07-20 09:35:15.055054,0,"0
"
2022-07-20 09:36:22.968533,1,"0
"
2022-07-20 09:37:30.861010,1,"0
"
2022-07-20 09:38:38.777607,1,"0
"
2022-07-20 09:40:18.199697,0,"0
"
2022-07-20 09:41:26.526524,1,"0
"
2022-07-20 09:42:44.673721,0,"0
"
2022-07-20 09:45:19.879203,0,"0
"
2022-07-20 09:46:49.224486,1,"0
"
2022-07-20 09:48:18.220652,1,"0
"
2022-07-20 09:50:25.293944,1,"0
"
2022-07-20 09:51:54.349425,1,"0
"
2022-07-20 09:53:31.459157,2,"0
"
2022-07-20 09:56:25.128339,1,"0
"
2022-07-20 10:02:14.662578,1,"0
"
2022-07-20 10:03:51.539315,1,"0
"
2022-07-20 10:04:59.384663,1,"0
"
2022-07-20 10:06:07.859477,1,"0
"
2022-07-20 10:09:20.884122,1,"0
"
2022-07-20 10:11:18.903569,0,"1
"
2022-07-20 10:13:17.048702,1,"0
"
2022-07-20 10:14:55.172737,0,"1
"
2022-07-20 10:16:32.242375,0,"1
"
2022-07-20 10:18:09.092265,0,"1
"
2022-07-20 10:20:56.812511,0,"1
"
2022-07-20 10:22:06.953762,1,"0
"
2022-07-20 10:24:17.709110,0,"1
"
2022-07-20 10:26:24.765338,1,"0
"
2022-07-20 10:29:19.847645,0,"1
"
2022-07-20 10:31:00.622406,1,"0
"
2022-07-20 10:32:10.518014,1,"0
"
2022-07-20 10:33:20.407843,1,"0
"
2022-07-20 10:34:30.729367,1,"0
"
2022-07-20 10:36:22.998188,1,"0
"
2022-07-20 10:37:54.115098,1,"0
"
2022-07-20 10:39:03.937411,1,"0
"
2022-07-20 10:41:21.211176,1,"0
"
2022-07-20 10:42:52.292762,1,"0
"
2022-07-20 10:44:54.380200,1,"0
"
2022-07-20 10:46:56.854322,1,"0
"
2022-07-20 10:48:59.697316,1,"0
"
2022-07-20 10:50:09.576094,1,"0
"
2022-07-20 10:51:51.195969,1,"0
"
2022-07-20 10:53:21.908892,1,"0
"
2022-07-20 10:55:24.252629,1,"0
"
2022-07-20 10:57:27.077176,1,"0
"
2022-07-20 10:59:30.098204,1,"0
"
2022-07-20 11:02:56.835498,1,"0
"
2022-07-20 11:04:59.723239,1,"0
"
2022-07-20 11:06:09.646006,1,"0
"
2022-07-20 11:08:01.086686,0,"1
"
2022-07-20 11:09:10.873230,1,"0
"
2022-07-20 11:10:51.880632,1,"0
"
2022-07-20 11:12:01.902012,1,"0
"
2022-07-20 23:04:54.581260,1,"0
"
2022-07-20 23:06:04.362721,1,"0
"
2022-07-20 23:07:14.520063,1,"0
"
2022-07-20 23:09:27.524724,1,"0
"
2022-07-20 23:11:08.243345,0,"1
"
2022-07-20 23:12:28.540989,1,"0
"
2022-07-20 23:14:09.278415,1,"0
"
2022-07-20 23:21:28.192107,0,"1
"
2022-07-20 23:23:08.950478,1,"0
"
2022-07-20 23:24:18.753444,1,"0
"
2022-07-20 23:25:59.559608,0,"1
"
2022-07-20 23:27:09.455216,1,"0
"
2022-07-20 23:28:30.285713,1,"0
"
2022-07-20 23:31:05.532644,1,"0
"
2022-07-20 23:32:57.051927,0,"1
"
2022-07-20 23:34:07.079204,1,"0
"
2022-07-20 23:35:27.522377,1,"0
"
2022-07-20 23:37:08.300381,0,"1
"
2022-07-20 23:38:49.579079,1,"0
"
2022-07-20 23:39:59.442521,1,"0
"
2022-07-20 23:45:01.920884,1,"0
"
2022-07-21 11:54:39.290164,1,"0
"
2022-07-21 11:58:40.214986,1,"0
"
2022-07-21 12:01:22.546139,1,"0
"
2022-07-21 12:03:47.697901,1,"0
"
2022-07-21 12:06:43.924942,1,"0
"
2022-07-21 12:08:15.600774,1,"0
"
2022-07-21 12:09:47.226774,1,"0
"
2022-07-21 12:10:57.244915,1,"0
"
2022-07-21 12:12:38.519336,0,"1
"
2022-07-21 12:14:10.314885,1,"0
"
2022-07-21 12:16:44.885965,1,"0
"
2022-07-21 12:17:55.299497,1,"0
"
2022-07-21 12:19:47.757914,1,"0
"
2022-07-21 12:22:48.322292,1,"0
"
2022-07-21 12:27:15.455665,1,"0
"
2022-07-21 12:28:26.726511,1,"0
"
2022-07-21 12:31:48.218262,1,"0
"
2022-07-21 12:33:31.049564,0,"1
"
2022-07-21 12:37:14.550129,1,"0
"
2022-07-21 12:39:17.546685,1,"0
"
2022-07-21 12:40:58.591066,0,"1
"
2022-07-21 12:43:22.480032,0,"1
"
2022-07-21 12:44:32.742257,1,"0
"
2022-07-21 12:46:47.451063,1,"0
"
2022-07-21 12:48:28.944875,0,"1
"
2022-07-21 12:49:39.022280,1,"0
"
2022-07-21 12:51:52.804832,1,"0
"
2022-07-21 12:53:34.308888,0,"1
"
2022-07-21 12:55:16.040295,1,"0
"
2022-07-21 12:56:47.815180,1,"0
"
2022-07-21 12:58:28.906331,1,"0
"
2022-07-21 13:00:20.550148,0,"1
"
2022-07-21 13:01:30.614874,1,"0
"
2022-07-21 13:07:51.338519,1,"0
"
2022-07-21 13:09:01.593615,1,"0
"
2022-07-21 13:10:12.222171,1,"0
"
2022-07-21 13:11:22.534572,1,"0
"
2022-07-21 13:12:32.629075,1,"0
"
2022-07-21 13:14:15.835227,1,"0
"
2022-07-21 13:21:16.765540,0,"0
"
2022-07-21 13:22:26.295858,1,"0
"
2022-07-21 13:24:50.342672,1,"0
"
2022-07-21 13:26:00.324264,1,"0
"
2022-07-21 13:27:20.741367,1,"0
"
2022-07-21 13:28:30.747495,1,"0
"
2022-07-22 09:29:55.381683,1,"0
"
2022-07-22 09:31:05.308458,1,"0
"
2022-07-22 09:32:15.446178,1,"0
"
2022-07-22 09:34:51.160045,1,"0
"
2022-07-22 09:37:59.989809,0,"1
"
2022-07-22 09:39:10.071207,1,"0
"
2022-07-22 09:42:00.380336,1,"0
"
2022-07-22 09:43:20.830817,1,"0
"
2022-07-22 09:49:26.068327,1,"0
"
2022-07-22 12:26:41.898633,1,"0
"
2022-07-22 12:30:44.252542,1,"0
"
2022-07-22 12:32:25.009543,1,"0
"
2022-07-22 12:33:34.839506,1,"0
"
2022-07-22 12:37:22.648857,1,"0
"
2022-07-22 12:38:32.499345,1,"0
"
2022-07-22 12:40:13.212907,1,"0
"
2022-07-22 12:42:25.726251,1,"0
"
2022-07-22 12:44:59.448692,1,"0
"
2022-07-22 12:48:26.536162,1,"0
"
2022-07-22 12:52:57.328752,1,"0
"
2022-07-22 12:54:38.126442,1,"0
"
2022-07-22 12:58:18.191551,0,"1
"
2022-07-22 12:59:54.125541,1,"0
"
2022-07-22 13:00:58.123284,1,"0
"
2022-07-22 13:02:50.107150,0,"1
"
2022-07-22 13:04:20.873058,0,"1
"
2022-07-22 13:05:51.721770,0,"1
"
2022-07-22 13:07:27.380663,1,"0
"
2022-07-22 13:10:27.984200,1,"0
"
2022-07-22 13:13:44.486268,0,"1
"
2022-07-22 13:15:27.726327,1,"0
"
2022-07-22 13:19:18.330824,0,"1
"
2022-07-22 13:20:51.572123,1,"0
"
2022-07-22 13:22:27.456437,1,"0
"
2022-07-22 13:24:55.870114,1,"0
"
2022-07-22 13:26:28.695545,0,"1
"
2022-07-22 13:28:01.420123,0,"1
"
2022-07-22 13:29:05.725149,1,"0
"
2022-07-22 13:31:20.849898,0,"1
"
2022-07-22 13:32:53.690444,1,"0
"
2022-07-22 18:49:44.633656,1,"0
"
2022-07-22 18:52:08.236390,0,"1
"
2022-07-22 18:53:41.251006,1,"0
"
2022-07-22 18:56:42.774015,0,"1
"
2022-07-22 18:59:11.989291,1,"0
"
2022-07-22 19:00:47.291172,1,"0
"
2022-07-22 19:02:41.391600,0,"1
"
2022-07-22 19:03:45.402147,1,"0
"
2022-07-22 19:05:18.275667,1,"0
"
2022-07-22 19:06:22.766738,1,"0
"
2022-07-22 19:07:37.691688,1,"0
"
2022-07-22 19:09:13.537002,1,"0
"
2022-07-22 19:10:17.519216,1,"0
"
2022-07-22 19:12:11.682311,0,"1
"
2022-07-22 19:13:44.536669,1,"0
"
2022-07-22 19:15:38.658764,1,"0
"
2022-07-22 19:18:07.649706,1,"0
"
2022-07-22 19:19:11.559234,1,"0
"
2022-07-22 19:21:05.665947,1,"0
"
2022-07-22 19:24:37.931470,1,"0
"
2022-07-22 19:26:42.945899,1,"0
"
2022-07-22 19:28:08.381302,1,"0
"
2022-07-22 19:29:12.003383,1,"0
"
2022-07-22 19:30:15.923677,1,"0
"
2022-07-22 19:32:44.818893,1,"0
"
2022-07-22 19:34:41.929487,1,"0
"
2022-07-22 19:36:14.870757,1,"0
"
2022-07-22 19:39:14.561116,1,"0
"
2022-07-22 19:40:18.384329,1,"0
"
2022-07-22 19:42:12.576701,0,"1
"
2022-07-22 19:43:16.964999,1,"0
"
2022-07-22 19:44:42.270848,1,"0
"
2022-07-22 19:46:39.611974,1,"0
"
2022-07-22 19:48:12.464864,0,"1
"
2022-07-22 19:49:16.386177,1,"0
"
2022-07-22 19:50:49.225536,0,"1
"
2022-07-22 19:53:39.262337,1,"0
"
2022-07-22 19:55:12.445834,1,"0
"
2022-07-22 19:57:38.466032,0,"1
"
2022-07-22 19:59:46.591118,1,"0
"
2022-07-22 20:01:19.635757,1,"0
"
2022-07-22 20:04:07.200612,0,"1
"
2022-07-22 20:08:08.824047,0,"1
"
2022-07-22 20:09:44.667013,1,"0
"
2022-07-22 20:11:17.641326,0,"1
"
2022-07-22 20:12:43.161452,1,"0
"
2022-07-22 20:14:40.236336,1,"0
"
2022-07-22 20:16:15.906645,1,"0
"
2022-07-22 20:17:19.950055,1,"0
"
2022-07-22 20:18:45.191711,1,"0
"
2022-07-22 20:20:39.405667,0,"1
"
2022-07-22 20:23:16.673563,1,"0
"
2022-07-22 20:24:20.605137,1,"0
"
2022-07-22 20:25:53.609259,1,"0
"
2022-07-22 20:27:18.836362,1,"0
"
2022-07-22 20:29:44.944580,0,"1
"
2022-07-22 20:31:21.292163,1,"0
"
2022-07-22 20:33:50.662264,1,"0
"
2022-07-22 20:35:44.816335,0,"1
"
2022-07-22 20:37:17.705425,0,"1
"
2022-07-22 20:39:43.694337,1,"0
"
2022-07-22 20:41:19.455763,1,"0
"
2022-07-22 20:43:13.956315,1,"0
"
2022-07-22 20:44:49.780220,1,"0
"
2022-07-22 20:47:47.801963,1,"0
"
2022-07-22 20:49:23.614260,1,"0
"
2022-07-22 20:50:56.495653,1,"0
"
2022-07-22 20:52:01.406673,1,"0
"
2022-07-22 20:53:44.954615,0,"1
"
2022-07-22 21:02:52.431026,1,"0
"
2022-07-22 21:06:54.191266,0,"1
"
2022-07-22 21:08:48.320371,0,"1
"
2022-07-22 21:12:21.179833,1,"0
"
2022-07-22 21:13:25.168432,1,"0
"
2022-07-22 21:15:19.949635,1,"0
"
2022-07-22 21:16:55.934569,1,"0
"
2022-07-22 21:19:21.935633,0,"1
"
2022-07-22 21:20:54.849696,1,"0
"
2022-07-22 21:21:58.799972,1,"0
"
2022-07-22 21:23:31.684180,1,"0
"
2022-07-22 21:25:04.910679,1,"0
"
2022-07-22 21:26:08.468985,1,"0
"
2022-07-22 21:27:12.426672,1,"0
"
2022-07-22 21:29:17.368865,1,"0
"
2022-07-22 21:31:54.213930,0,"1
"
2022-07-22 21:34:23.047683,1,"0
"
2022-07-22 21:38:50.357543,1,"0
"
2022-07-22 21:40:23.215881,1,"0
"
2022-07-22 21:41:56.206191,1,"0
"
2022-07-22 21:43:53.200964,1,"0
"
2022-07-22 21:45:47.319350,1,"0
"
2022-07-22 21:47:52.112828,1,"0
"
2022-07-22 21:49:25.201336,1,"0
"
2022-07-22 21:50:58.449748,1,"0
"
2022-07-22 21:53:24.423874,0,"1
"
2022-07-22 23:46:17.323747,0,"1
"
2022-07-22 23:48:47.527005,0,"1
"
2022-07-22 23:50:12.726877,1,"0
"
2022-07-22 23:51:16.584546,1,"0
"
2022-07-25 10:43:17.947163,1,"0
"
2022-07-25 10:44:21.758730,1,"0
"
2022-07-25 10:45:25.593381,1,"0
"
2022-07-25 13:55:54.803085,0,"1
"
2022-07-25 13:57:27.666614,0,"1
"
2022-07-25 16:26:30.924321,1,"0
"
2022-07-25 16:30:34.719371,1,"0
"
2022-07-25 16:32:07.941268,1,"0
"
2022-07-25 16:33:33.329627,1,"0
"
2022-07-25 16:35:29.993015,1,"0
"
2022-07-25 16:37:55.769175,1,"0
"
2022-07-25 16:40:03.106150,1,"0
"
2022-07-25 16:41:35.890490,1,"0
"
2022-07-25 16:43:01.195415,1,"0
"
2022-07-25 16:44:36.786436,1,"0
"
2022-07-25 16:46:30.764838,1,"0
"
2022-07-25 16:47:34.685182,1,"0
"
2022-07-25 16:50:00.373867,0,"1
"
2022-07-25 16:51:04.555235,1,"0
"
2022-07-25 16:54:04.768316,1,"0
"
2022-07-25 16:55:58.667255,1,"0
"
2022-07-25 16:57:31.615270,0,"1
"
2022-07-25 17:01:35.557579,1,"0
"
2022-07-25 17:03:08.496937,1,"0
"
2022-07-25 17:05:29.683560,0,"1
"
2022-07-25 17:08:06.373224,1,"0
"
2022-07-25 17:10:00.308997,1,"0
"
2022-07-25 17:11:04.160364,1,"0
"
2022-07-25 17:12:08.028863,1,"0
"
2022-07-25 17:14:02.896957,1,"0
"
2022-07-25 17:15:06.849264,1,"0
"
2022-07-25 17:20:00.849577,0,"1
"
2022-07-25 17:21:36.447220,1,"0
"
2022-07-25 17:23:09.232783,0,"1
"
2022-07-25 17:26:29.330860,1,"0
"
2022-07-25 17:28:04.910913,1,"0
"
2022-07-25 17:29:58.779938,0,"1
"
2022-07-25 17:31:31.781634,1,"0
"
2022-07-25 17:32:35.635119,1,"0
"
2022-07-25 17:34:08.401094,0,"1
"
2022-07-25 17:35:12.275931,1,"0
"
2022-07-25 17:38:31.174195,0,"1
"
2022-07-25 17:39:34.971602,1,"0
"
2022-07-25 17:41:10.526266,1,"0
"
2022-07-25 17:42:15.043309,1,"0
"
2022-07-25 17:43:18.937771,1,"0
"
2022-07-25 17:44:51.652055,0,"1
"
2022-07-25 17:47:38.440165,0,"1
"
2022-07-25 17:48:42.318330,1,"0
"
2022-07-25 17:50:15.099360,1,"0
"
2022-07-25 17:51:19.017458,1,"0
"
2022-07-25 17:53:34.310972,0,"1
"
2022-07-25 17:55:38.844817,0,"1
"
2022-07-25 17:57:11.661905,0,"1
"
2022-07-25 17:58:36.706139,1,"0
"
2022-07-25 17:59:40.676711,1,"0
"
2022-07-25 18:01:05.731918,1,"0
"
2022-07-25 18:02:41.347461,1,"0
"
2022-07-25 18:04:14.200520,1,"0
"
2022-07-25 18:05:47.507144,1,"0
"
2022-07-25 18:09:09.506485,1,"0
"
2022-07-25 18:10:13.391214,1,"0
"
2022-07-25 18:11:46.195890,0,"1
"
2022-07-25 18:15:04.754817,0,"1
"
2022-07-25 18:16:18.835001,1,"0
"
2022-07-25 18:17:51.616382,0,"1
"
2022-07-25 18:21:10.340176,0,"1
"
2022-07-25 18:24:39.359495,1,"0
"
2022-07-25 18:26:44.005123,1,"0
"
2022-07-25 18:28:19.633939,1,"0
"
2022-07-25 18:29:52.422814,0,"1
"
2022-07-25 18:32:18.024345,0,"1
"
2022-07-25 18:34:12.182580,0,"1
"
2022-07-25 18:35:16.270898,1,"0
"
2022-07-25 18:36:20.178680,1,"0
"
2022-07-25 18:37:52.944995,0,"1
"
2022-07-25 18:39:17.928527,1,"0
"
2022-07-25 18:40:51.098047,1,"0
"
2022-07-25 18:44:41.368846,1,"0
"
2022-07-25 18:45:45.356870,1,"0
"
2022-07-25 18:47:18.115071,1,"0
"
2022-07-25 18:48:51.160706,0,"1
"
2022-07-25 18:50:47.913405,1,"0
"
2022-07-25 18:52:42.390742,0,"1
"
2022-07-25 18:54:15.581013,1,"0
"
2022-07-25 18:55:51.122349,1,"0
"
2022-07-25 18:58:16.780271,0,"1
"
2022-07-25 18:59:20.698796,1,"0
"
2022-07-25 19:00:45.746384,1,"0
"
2022-07-25 19:04:15.246690,0,"1
"
2022-07-25 19:07:12.959320,1,"0
"
2022-08-15 13:07:39.243341,1,"0
"
2022-08-15 13:09:44.145744,1,"0
"
2022-08-15 13:11:52.410640,1,"0
"
2022-08-15 13:12:56.463233,1,"0
"
2022-08-15 13:14:00.390976,1,"0
"
2022-08-15 13:16:48.356889,0,"1
"
2022-08-15 13:18:24.330610,1,"0
"
2022-08-15 13:19:28.331827,1,"0
"
2022-08-15 13:24:44.736638,0,"1
"
2022-08-15 13:25:49.637136,1,"0
"
2022-08-15 13:26:53.697319,1,"0
"
2022-08-15 13:27:57.664485,1,"0
"
2022-08-15 13:29:22.905367,1,"0
"
2022-08-15 13:32:52.747961,1,"0
"
2022-08-15 13:34:49.901576,1,"0
"
2022-08-15 13:35:53.907081,1,"0
"
2022-08-15 13:36:57.857629,1,"0
"
2022-08-15 13:38:31.250966,0,"1
"
2022-08-15 13:40:15.381295,1,"0
"
2022-08-15 13:41:19.330644,1,"0
"
2022-08-15 13:42:52.341557,0,"1
"
2022-08-15 13:47:47.211834,1,"0
"
2022-08-15 13:49:54.855728,1,"0
"
2022-08-15 13:52:21.442596,1,"0
"
2022-08-15 13:54:47.549443,0,"1
"
2022-08-15 13:57:24.435716,0,"1
"
2022-08-15 13:58:29.002266,1,"0
"
2022-08-15 14:01:16.708808,1,"0
"
2022-08-15 14:03:56.288381,1,"0
"
2022-08-15 14:05:50.477656,0,"1
"
2022-08-15 14:07:26.395591,1,"0
"
2022-08-15 14:09:20.772287,1,"0
"
2022-08-22 08:48:01.141644,1,"0
"
2022-08-22 08:49:05.012130,1,"0
"
2022-08-22 08:50:08.844068,1,"0
"
2022-08-22 08:51:13.059992,1,"0
"
2022-08-22 08:53:28.184458,1,"0
"
2022-08-22 08:55:00.934689,1,"0
"
2022-08-22 08:57:29.281185,1,"0
"
2022-08-22 08:59:02.240868,1,"0
"
2022-08-22 09:00:35.067424,1,"0
"
2022-08-22 09:01:39.217284,1,"0
"
2022-08-22 09:03:12.096801,0,"1
"
2022-08-22 09:04:58.247861,1,"0
"
2022-08-22 09:06:23.344054,1,"0
"
2022-08-22 09:07:58.940429,1,"0
"
2022-08-22 09:12:52.981106,0,"1
"
2022-08-22 09:14:29.000449,1,"0
"
2022-08-22 09:15:54.298196,1,"0
"
2022-08-22 09:16:58.173947,1,"0
"
2022-08-22 09:18:02.060910,1,"0
"
2022-08-22 09:19:27.085532,1,"0
"
2022-08-22 09:20:31.015075,1,"0
"
2022-08-22 09:22:03.816112,0,"1
"
2022-08-22 09:23:07.732861,1,"0
"
2022-08-22 09:27:00.872879,1,"0
"
2022-08-22 09:28:04.761371,1,"0
"
2022-08-22 09:31:23.360836,0,"1
"
2022-08-22 09:33:28.379359,0,"1
"
2022-08-22 09:35:54.049414,0,"1
"
2022-08-22 09:37:26.850264,1,"0
"
2022-08-22 09:38:59.750838,1,"0
"
2022-08-22 09:40:53.763140,0,"1
"
2022-08-22 09:41:57.705794,1,"0
"
2022-08-22 09:43:51.879023,0,"1
"
2022-08-22 09:46:31.238584,1,"0
"
2022-08-22 09:47:35.196672,1,"0
"
2022-08-22 09:48:39.121310,1,"0
"
2022-08-22 09:50:25.606631,1,"0
"
2022-08-22 09:51:58.445267,1,"0
"
2022-08-22 09:53:02.434557,1,"0
"
2022-08-22 09:54:06.444318,1,"0
"
2022-08-22 09:55:40.064915,1,"0
"
2022-08-22 09:57:13.086721,0,"1
"
2022-08-22 10:00:21.819424,0,"1
"
2022-08-22 10:02:29.489498,1,"0
"
2022-08-22 10:04:55.749828,1,"0
"
2022-08-22 10:05:59.744860,1,"0
"
2022-08-22 10:07:03.631697,1,"0
"
2022-08-22 10:08:28.815796,1,"0
"
2022-08-22 10:50:44.629548,1,"0
"
2022-08-22 10:52:17.827622,0,"1
"
2022-08-24 18:05:12.017885,1,"0
"
2022-08-24 18:06:46.114182,1,"0
"
2022-08-24 18:08:00.699766,1,"0
"
2022-08-24 18:09:33.633665,0,"1
"
2022-08-24 18:10:37.626253,1,"0
"
2022-08-24 18:13:57.310988,1,"0
"
2022-08-24 18:17:30.749923,1,"0
"
2022-08-24 18:20:28.704395,0,"1
"
2022-08-24 18:23:27.104653,1,"0
"
2022-08-24 18:50:50.093836,1,"0
"
2022-08-24 18:52:24.030352,1,"0
"
2022-08-24 18:53:57.009666,1,"0
"
2022-08-24 18:55:30.911777,0,"1
"
2022-08-24 18:58:34.938101,1,"0
"
2022-08-24 19:00:08.623570,1,"0
"
2022-08-24 19:02:37.065335,1,"0
"
2022-08-24 19:09:01.950167,0,"1
"
2022-08-24 19:10:30.279383,0,"1
"
2022-08-24 19:11:54.976352,1,"0
"
2022-08-24 19:13:28.725679,1,"0
"
2022-08-24 19:19:02.038683,0,"1
"
2022-08-24 19:21:31.833516,1,"0
"
2022-08-24 19:24:04.245842,1,"0
"
2022-08-24 19:25:09.064512,1,"0
"
2022-08-24 19:31:08.849526,1,"0
"
2022-08-24 19:32:13.116767,1,"0
"
2022-08-24 19:33:39.159480,1,"0
"
2022-08-24 19:42:19.138744,1,"0
"
2022-08-24 19:45:33.494535,1,"0
"
2022-08-24 19:48:41.070489,1,"0
"
2022-08-24 19:50:15.705267,0,"1
"
2022-08-24 19:51:21.481985,1,"0
"
2022-08-24 19:52:58.181398,0,"1
"
2022-08-24 19:55:09.802409,1,"0
"
2022-08-24 19:57:11.520770,1,"0
"
2022-08-24 19:59:08.902267,1,"0
"
2022-08-24 20:00:44.050765,1,"0
"
2022-08-24 20:03:02.984676,0,"1
"
2022-08-24 20:04:07.937457,1,"0
"
2022-08-24 20:07:09.328737,0,"1
"
2022-08-24 20:09:37.948365,0,"1
"
2022-08-24 20:11:33.852644,1,"0
"
2022-08-24 20:12:40.114224,1,"0
"
2022-08-24 20:13:45.746193,1,"0
"
2022-08-24 20:15:13.918464,1,"0
"
2022-08-24 20:16:18.957356,1,"0
"
2022-08-24 20:18:04.805341,0,"1
"
2022-08-24 20:21:07.294313,1,"0
"
2022-08-24 20:23:09.205613,1,"0
"
2022-08-24 21:23:07.198004,1,"0
"
2022-08-24 21:24:43.636984,1,"0
"
2022-08-24 21:26:42.094204,1,"0
"
2022-08-24 21:27:46.162588,1,"0
"
2022-08-24 21:29:40.416247,1,"0
"
2022-08-24 21:30:45.218910,1,"0
"
2022-08-24 21:33:11.241513,0,"1
"
2022-08-24 21:34:15.720180,1,"0
"
2022-08-24 21:36:12.743311,1,"0
"
2022-08-24 21:38:17.505016,1,"0
"
2022-08-24 21:41:18.530685,1,"0
"
2022-08-24 21:43:12.932748,1,"0
"
2022-08-24 21:44:49.142472,1,"0
"
2022-08-24 21:45:53.118702,1,"0
"
2022-08-24 21:48:08.413124,1,"0
"
2022-08-24 21:50:47.706555,1,"0
"
2022-08-24 21:54:23.462931,1,"0
"
2022-08-24 21:57:11.274545,1,"0
"
2022-08-24 21:59:15.957396,1,"0
"
2022-08-24 22:00:19.823332,1,"0
"
2022-08-24 22:02:14.839907,1,"0
"
2022-08-24 22:03:18.865844,1,"0
"
2022-08-24 22:04:22.774421,1,"0
"
2022-08-24 22:05:56.047965,1,"0
"
2022-08-24 22:10:39.556369,1,"0
"
2022-08-24 22:13:19.050308,1,"0
"
2022-08-24 22:14:25.085189,1,"0
"
2022-08-24 22:15:58.015813,1,"0
"
2022-08-24 22:17:31.486465,0,"1
"
2022-08-24 22:21:11.956258,1,"0
"
2022-08-24 22:24:17.433562,1,"0
"
2022-08-24 22:26:43.982164,0,"1
"
2022-08-24 22:28:52.249662,1,"0
"
2022-08-24 22:29:56.682380,1,"0
"
2022-08-24 22:31:21.680904,1,"0
"
2022-08-24 22:33:50.418652,1,"0
"
2022-08-24 22:35:23.329749,0,"1
"
2022-08-24 22:37:18.169670,1,"0
"
2022-08-25 19:31:39.028781,1,"0
"
2022-08-25 19:33:12.862927,0,"1
"
2022-08-25 19:39:43.322473,1,"0
"
2022-08-25 19:41:19.458865,1,"0
"
2022-08-25 19:42:53.063147,1,"0
"
2022-08-25 19:43:57.780989,1,"0
"
2022-08-25 19:45:32.711382,1,"0
"
2022-08-25 19:47:07.066109,0,"1
"
2022-08-25 19:48:43.075794,1,"0
"
2022-08-25 19:49:48.279096,1,"0
"
2022-08-25 19:52:37.371163,1,"0
"
2022-08-25 19:53:42.083633,1,"0
"
2022-08-25 20:02:38.047350,1,"0
"
2022-08-25 20:04:11.709535,1,"0
"
2022-08-25 20:06:11.106095,1,"0
"
2022-08-25 20:07:15.477281,1,"0
"
2022-08-25 20:12:10.265250,1,"0
"
2022-08-25 20:14:16.065407,0,"1
"
2022-08-25 20:15:42.064632,1,"0
"
2022-08-25 20:18:14.310315,1,"0
"
2022-08-25 20:19:19.847530,1,"0
"
2022-08-25 20:21:37.486493,1,"0
"
2022-08-25 20:23:44.081403,0,"1
"
2022-08-25 20:25:17.549718,0,"1
"
2022-08-25 20:27:13.474449,0,"1
"
2022-08-25 20:29:10.412623,0,"1
"
2022-08-25 20:32:12.906859,1,"0
"
2022-08-25 20:33:17.194208,1,"0
"
2022-08-25 20:34:50.364795,0,"1
"
2022-08-26 23:37:33.503634,1,"0
"
2022-08-26 23:39:51.178508,1,"0
"
2022-08-26 23:40:55.332116,1,"0
"
2022-08-26 23:43:20.699619,0,"1
"
2022-08-29 17:10:30.885146,0,"1
"
2022-08-29 17:12:25.494156,1,"0
"
2022-08-29 17:14:01.777478,1,"0
"
2022-08-29 17:16:32.415976,1,"0
"
2022-08-29 17:17:36.487278,1,"0
"
2022-08-29 17:20:02.900275,1,"0
"
2022-08-29 17:22:29.198642,1,"0
"
2022-08-29 17:24:59.226082,1,"0
"
2022-08-29 17:27:29.171703,1,"0
"
2022-08-29 17:29:04.946358,1,"0
"
2022-08-29 17:30:38.872502,1,"0
"
2022-08-29 17:32:54.391877,1,"0
"
2022-08-29 17:35:02.105108,1,"0
"
2022-08-29 17:36:35.789423,1,"0
"
2022-08-29 17:38:09.134413,1,"0
"
2022-08-29 17:40:03.508345,1,"0
"
2022-08-29 17:41:07.554715,1,"0
"
2022-08-29 17:42:41.808328,1,"0
"
2022-08-29 17:44:17.508675,1,"0
"
2022-08-29 23:16:42.925468,0,"1
"
2022-08-29 23:17:47.765657,1,"0
"
2022-08-29 23:19:20.502258,0,"1
"
2022-08-31 13:37:05.618494,0,"1
"
2022-08-31 13:38:13.899661,1,"0
"
2022-08-31 13:40:42.494248,1,"0
"
2022-08-31 13:44:12.231984,0,"1
"
2022-08-31 13:45:45.242571,1,"0
"
2022-08-31 13:46:49.512361,1,"0
"
2022-08-31 13:48:43.578196,0,"1
"
2022-08-31 13:51:12.077311,1,"0
"
2022-08-31 13:53:16.806022,1,"0
"
2022-08-31 13:55:10.805274,0,"1
"
2022-08-31 13:56:46.681161,1,"0
"
2022-08-31 13:57:50.884793,1,"0
"
2022-08-31 13:59:45.068375,1,"0
"
2022-08-31 14:00:49.044947,1,"0
"
2022-08-31 14:02:14.210370,1,"0
"
2022-08-31 14:05:12.055982,0,"1
"
2022-08-31 14:08:41.637053,1,"0
"
2022-08-31 14:09:28.860564,1,"0
"
2022-08-31 14:12:16.628997,1,"0
"
2022-08-31 14:13:49.896816,1,"0
"
2022-08-31 14:15:23.304515,0,"1
"
2022-08-31 14:18:04.339838,0,"1
"
2022-08-31 14:19:51.079602,1,"0
"
2022-08-31 14:22:49.191592,1,"0
"
2022-08-31 14:33:21.831240,1,"0
"
2022-08-31 14:53:41.528234,1,"0
"
2022-08-31 14:55:24.934854,0,"1
"
2022-08-31 14:56:57.824175,1,"0
"
2022-08-31 14:59:55.612396,0,"1
"
2022-08-31 15:14:03.239568,1,"0
"
2022-08-31 15:18:57.624956,0,"1
"
2022-08-31 17:31:06.874349,0,"1
"
2022-08-31 17:41:11.655152,1,"0
"
2022-08-31 17:55:20.164184,0,"1
"
2022-08-31 17:58:38.023199,0,"1
"
2022-08-31 17:59:41.882371,1,"0
"
2022-08-31 18:03:33.220830,1,"0
"
2022-08-31 18:05:06.044822,1,"0
"
2022-08-31 18:06:38.856483,1,"0
"
2022-08-31 18:08:32.846121,1,"0
"
2022-08-31 18:09:36.704241,1,"0
"
2022-08-31 18:10:40.579683,1,"0
"
2022-08-31 18:12:13.751475,1,"0
"
2022-08-31 18:14:07.788668,0,"1
"
2022-08-31 18:17:05.319413,0,"1
"
2022-08-31 18:18:09.229272,1,"0
"
2022-08-31 18:20:06.397039,1,"0
"
2022-08-31 18:22:32.204585,1,"0
"
2022-08-31 18:24:39.760133,1,"0
"
2022-08-31 18:25:43.690746,1,"0
"
2022-08-31 18:27:37.601206,1,"0
"
2022-08-31 18:30:03.483209,0,"1
"
2022-08-31 18:33:11.760085,1,"0
"
2022-08-31 18:35:37.515590,0,"1
"
2022-08-31 18:36:41.416634,1,"0
"
2022-08-31 18:38:35.446679,0,"1
"
2022-08-31 18:39:39.571644,1,"0
"
2022-08-31 18:41:33.532880,1,"0
"
2022-08-31 18:42:37.454902,1,"0
"
2022-08-31 18:44:10.365798,0,"1
"
2022-08-31 18:46:07.706040,1,"0
"
2022-08-31 18:49:40.006724,1,"0
"
2022-08-31 18:52:05.774908,1,"0
"
2022-08-31 18:53:39.092825,1,"0
"
2022-08-31 18:55:47.346747,0,"1
"
2022-08-31 18:56:52.005613,1,"0
"
2022-08-31 18:57:59.447784,1,"0
"
2022-08-31 19:00:16.756010,1,"0
"
2022-09-01 18:06:12.551251,1,"0
"
2022-09-01 18:08:10.045636,1,"0
"
2022-09-01 18:11:11.911681,1,"0
"
2022-09-01 18:13:07.269440,1,"0
"
2022-09-01 18:14:11.692636,1,"0
"
2022-09-01 18:16:41.604617,1,"0
"
2022-09-01 18:17:45.743350,1,"0
"
2022-09-01 18:18:50.646681,1,"0
"
2022-09-01 18:20:24.201884,0,"1
"
2022-09-01 18:36:43.381458,1,"0
"
2022-09-01 18:40:14.102809,1,"0
"
2022-09-01 18:41:18.654828,1,"0
"
2022-09-01 18:42:22.840584,1,"0
"
2022-09-01 18:43:55.898219,0,"1
"
2022-09-01 18:45:29.236438,1,"0
"
2022-09-01 18:46:33.499090,1,"0
"
2022-09-01 18:47:11.994613,1,"0
"
2022-09-01 18:48:45.205479,1,"0
"
2022-09-02 19:33:35.532001,1,"0
"
2022-09-02 19:36:03.269240,1,"0
"
2022-09-02 19:37:07.173381,1,"0
"
2022-09-02 19:38:32.157514,1,"0
"
2022-09-02 19:42:54.436431,1,"0
"
2022-09-02 19:44:27.172771,0,"1
"
2022-09-02 19:45:31.412978,1,"0
"
2022-09-02 19:47:25.350007,0,"1
"
2022-09-02 19:48:58.266179,0,"1
"
2022-09-26 18:25:02.691562,1,"0
"
2022-09-26 18:26:57.620830,1,"0
"
2022-09-26 18:28:55.401389,1,"0
"
2022-09-26 18:30:50.124445,1,"0
"
2022-09-26 18:32:28.411211,1,"0
"
2022-09-26 18:34:23.719125,0,"1
"
2022-09-26 18:35:57.581222,1,"0
"
2022-10-16 14:18:12.606912,1,"0
"
2022-10-16 14:19:45.821394,1,"0
"
2022-10-16 14:21:39.897856,0,"1
"
2022-11-27 10:06:59.574513,1,"0
"
2022-11-27 10:12:54.752327,0,"1
"
2022-11-27 10:15:30.641151,0,"1
"
